w,nu,ampl
17.6239196013666,2.8049339212116404,0.36153886289036397
74.56273677501255,11.867028128203094,0.8856231380539284
