w,nu,ampl
17.6239196013666,2.8049339212116404,0.33924080902743353
71.85136452864846,11.435499832632074,0.21289770452023127
74.56273677501255,11.867028128203094,0.9206363487398033
